address,topic
https://baijiahao.baidu.com/s?id=1686029042659809328&wfr=spider&for=pc,如何安装selenium
https://baijiahao.baidu.com/s?id=1693351029086548810&wfr=spider&for=pc,Selenium 4.0beta: Grid 工作原理
https://baijiahao.baidu.com/s?id=1694946082328346441&wfr=spider&for=pc,基于Python 的web自动化测试——Selenium环境搭建
https://baijiahao.baidu.com/s?id=1696539573528649074&wfr=spider&for=pc,Python改变生活｜利用Selenium实现网站自动签到
https://baijiahao.baidu.com/s?id=1701132231571985704&wfr=spider&for=pc,Python+selenium自动化测试二
https://baijiahao.baidu.com/s?id=1684613494646192969&wfr=spider&for=pc,Python 搭建RF的Selenium配置
https://baijiahao.baidu.com/s?id=1686830865181541584&wfr=spider&for=pc,您需要知道的有关Selenium云端测试都在这里
https://baijiahao.baidu.com/s?id=1693208305795104830&wfr=spider&for=pc,「python」BeautifulSoup，Selenium，Scrapy三大爬虫工具比较
https://baijiahao.baidu.com/s?id=1693265395713536883&wfr=spider&for=pc,Selenium进阶——使用CDP协议编写自己的ChromeDriver
https://baijiahao.baidu.com/s?id=1683137046251233796&wfr=spider&for=pc,Python和Selenium是如何能帮我获得不限量披萨的？
https://baijiahao.baidu.com/s?id=1663487663283395223&wfr=spider&for=pc,用Java访问Selenium表单的完整指南
https://baijiahao.baidu.com/s?id=1689712928037564792&wfr=spider&for=pc,自动化登录学校教务系统
https://baijiahao.baidu.com/s?id=1671380835248526555&wfr=spider&for=pc,Python+selenium自动化之判定元素是否存在
https://baijiahao.baidu.com/s?id=1675255460404214662&wfr=spider&for=pc,Python啥都行_Selenium自动访问B站
https://baijiahao.baidu.com/s?id=1672203753091828337&wfr=spider&for=pc,Python+selenium自动化之EC模块之title_is
https://baijiahao.baidu.com/s?id=1675341951350555350&wfr=spider&for=pc,python 自动化，Helium 凭什么取代 Selenium？
https://baijiahao.baidu.com/s?id=1678876678098855828&wfr=spider&for=pc,别慌！我来教你selenium入门基础及中级进阶
https://baijiahao.baidu.com/s?id=1682569178095913867&wfr=spider&for=pc,手把手教你用Selenium爬取拉勾网数据！
https://baijiahao.baidu.com/s?id=1650828444523528232&wfr=spider&for=pc,Python+Selenium详解（超全）
https://baijiahao.baidu.com/s?id=1660853651417609891&wfr=spider&for=pc,selenium学习要点
https://baijiahao.baidu.com/s?id=1609580450416127461&wfr=spider&for=pc,selenium自动化之邮件发送
https://baijiahao.baidu.com/s?id=1619729549523392714&wfr=spider&for=pc,学会Python+Selenium，分分钟搭建Web自动化框架！
https://baijiahao.baidu.com/s?id=1620154962680471973&wfr=spider&for=pc,Selenium自动化测试框架入门整理
https://baijiahao.baidu.com/s?id=1621970935187757113&wfr=spider&for=pc,web自动化测试神器——selenium家族介绍
https://baijiahao.baidu.com/s?id=1647441329015068835&wfr=spider&for=pc,SeleniumLibrary关键字全面解读
https://baijiahao.baidu.com/s?id=1662943353361565179&wfr=spider&for=pc,Selenium自动化测试——巡检脚本开发（下）
https://baijiahao.baidu.com/s?id=1650834193210482617&wfr=spider&for=pc,Python安装Selenium库的方法
https://baijiahao.baidu.com/s?id=1667839974520145773&wfr=spider&for=pc,将FitNesse与Selenium集成
https://baijiahao.baidu.com/s?id=1601061217934102225&wfr=spider&for=pc,Selenium + Python +CSV
https://baijiahao.baidu.com/s?id=1608302713701531399&wfr=spider&for=pc,selenium自动化利用excel文件实现批量传值
